State_Name,District_Name,year,Season,Crop,Area,Production,rainfall_total,rainfall_days,avg_temp,max_temp,min_temp,soil_ph,soil_organic_carbon,soil_nitrogen,soil_phosphorus,soil_potassium,Yield_qha
telangana ,Adilabad,1997,Kharif     ,rice,30600.0,29100.0,814.21,158.0,26.4892349726776,36.25,22.32,6.8,4.5,280,12,150,0.9509803921568627
telangana ,Adilabad,1997,Rabi       ,rice,5200.0,12400.0,814.21,158.0,26.4892349726776,36.25,22.32,6.8,4.5,280,12,150,2.3846153846153846
telangana ,Adilabad,1998,Kharif     ,rice,66400.0,152300.0,1009.35,160.0,26.486666666666668,39.14,17.08,6.8,4.5,280,12,150,2.2936746987951806
telangana ,Adilabad,1998,Rabi       ,rice,12200.0,33500.0,1009.35,160.0,26.486666666666668,39.14,17.08,6.8,4.5,280,12,150,2.7459016393442623
telangana ,Adilabad,1999,Kharif     ,rice,66388.0,162451.0,839.6,136.0,25.294207650273226,35.5,17.31,6.8,4.5,280,12,150,2.4469934325480507
telangana ,Adilabad,1999,Rabi       ,rice,10980.0,26616.0,839.6,136.0,25.294207650273226,35.5,17.31,6.8,4.5,280,12,150,2.4240437158469947
telangana ,Adilabad,2000,Kharif     ,rice,70645.0,146235.0,657.9,136.0,26.54060109289617,31.4,23.02,6.8,4.5,280,12,150,2.069997876707481
telangana ,Adilabad,2000,Rabi       ,rice,6828.0,21023.0,657.9,136.0,26.54060109289617,31.4,23.02,6.8,4.5,280,12,150,3.0789396602226127
telangana ,Adilabad,2001,Kharif     ,rice,67358.0,150343.0,716.29,138.0,25.84978142076503,35.54,19.75,6.8,4.5,280,12,150,2.231999168621396
telangana ,Adilabad,2001,Rabi       ,rice,9786.0,23398.0,716.29,138.0,25.84978142076503,35.54,19.75,6.8,4.5,280,12,150,2.3909666871040263
telangana ,Adilabad,2002,Kharif     ,rice,71657.0,110710.0,793.83,125.0,26.30158469945355,35.01,21.02,6.8,4.5,280,12,150,1.544999092900903
telangana ,Adilabad,2002,Rabi       ,rice,5137.0,11188.0,793.83,125.0,26.30158469945355,35.01,21.02,6.8,4.5,280,12,150,2.1779248588670432
telangana ,Adilabad,2003,Kharif     ,rice,74851.0,184732.0,951.05,136.0,25.84743169398907,39.09,19.84,6.8,4.5,280,12,150,2.467996419553513
telangana ,Adilabad,2003,Rabi       ,rice,6069.0,16016.0,951.05,136.0,25.84743169398907,39.09,19.84,6.8,4.5,280,12,150,2.6389850057670126
telangana ,Adilabad,2004,Kharif     ,rice,35637.0,54133.0,595.98,138.0,26.382896174863387,37.63,21.18,6.8,4.5,280,12,150,1.519011140107192
telangana ,Adilabad,2004,Rabi       ,rice,3984.0,8749.0,595.98,138.0,26.382896174863387,37.63,21.18,6.8,4.5,280,12,150,2.1960341365461846
telangana ,Adilabad,2005,Kharif     ,rice,69284.0,178198.0,1083.72,143.0,25.76153005464481,38.75,17.17,6.8,4.5,280,12,150,2.5719935338606317
telangana ,Adilabad,2005,Rabi       ,rice,9466.0,22586.0,1083.72,143.0,25.76153005464481,38.75,17.17,6.8,4.5,280,12,150,2.3860130995140505
telangana ,Adilabad,2006,Kharif     ,rice,64743.0,155318.0,1134.42,150.0,25.8944262295082,35.0,19.62,6.8,4.5,280,12,150,2.3989929413218416
telangana ,Adilabad,2006,Rabi       ,rice,9019.0,22548.0,1134.42,150.0,25.8944262295082,35.0,19.62,6.8,4.5,280,12,150,2.500055438518683
telangana ,Adilabad,2007,Kharif     ,rice,40000.0,96000.0,843.31,135.0,25.497595628415304,35.73,18.18,6.8,4.5,280,12,150,2.4
telangana ,Adilabad,2007,Rabi       ,rice,12000.0,28000.0,843.31,135.0,25.497595628415304,35.73,18.18,6.8,4.5,280,12,150,2.3333333333333335
telangana ,Adilabad,2008,Kharif     ,rice,54506.0,133049.0,872.2,131.0,25.63295081967213,35.62,18.89,6.8,4.5,280,12,150,2.44099732139581
telangana ,Adilabad,2008,Rabi       ,rice,22788.0,65333.0,872.2,131.0,25.63295081967213,35.62,18.89,6.8,4.5,280,12,150,2.8669913989819205
telangana ,Adilabad,2009,Kharif     ,rice,37878.0,75264.0,823.13,129.0,26.630819672131143,37.11,18.07,6.8,4.5,280,12,150,1.9870109298273404
telangana ,Adilabad,2009,Rabi       ,rice,10240.0,23235.0,823.13,129.0,26.630819672131143,37.11,18.07,6.8,4.5,280,12,150,2.26904296875
telangana ,Adilabad,2010,Kharif     ,rice,62903.0,175263.0,1237.21,158.0,26.386284153005462,37.55,20.07,6.8,4.5,280,12,150,2.786242309587778
telangana ,Adilabad,2010,Rabi       ,rice,27644.0,79891.0,1237.21,158.0,26.386284153005462,37.55,20.07,6.8,4.5,280,12,150,2.889994212125597
telangana ,Adilabad,2011,Kharif     ,rice,60681.0,151310.0,786.54,138.0,25.98021857923497,34.95,20.81,6.8,4.5,280,12,150,2.493531747993606
telangana ,Adilabad,2011,Rabi       ,rice,15489.0,48016.0,786.54,138.0,25.98021857923497,34.95,20.81,6.8,4.5,280,12,150,3.100006456194719
telangana ,Adilabad,2013,Kharif     ,rice,65502.0,175303.0,1258.24,154.0,25.005081967213115,33.84,17.25,6.8,4.5,280,12,150,2.6762999603065554
telangana ,Adilabad,2013,Rabi       ,rice,25191.0,73608.0,1258.24,154.0,25.005081967213115,33.84,17.25,6.8,4.5,280,12,150,2.921995950934858
telangana ,Adilabad,2014,Kharif     ,rice,36084.0,81003.0,637.9,124.0,27.13136612021858,38.88,20.0,6.8,4.5,280,12,150,2.2448453608247423
telangana ,Adilabad,2014,Rabi       ,rice,13996.0,45123.0,637.9,124.0,27.13136612021858,38.88,20.0,6.8,4.5,280,12,150,3.223992569305516
telangana ,Hyderabad,1997,Kharif     ,rice,100.0,100.0,581.76,167.0,26.022841530054645,34.29,22.27,7.2,3.8,245,15,180,1.0
telangana ,Hyderabad,1997,Rabi       ,rice,100.0,100.0,581.76,167.0,26.022841530054645,34.29,22.27,7.2,3.8,245,15,180,1.0
telangana ,Hyderabad,1998,Kharif     ,rice,100.0,200.0,903.87,158.0,25.57568306010929,37.43,16.68,7.2,3.8,245,15,180,2.0
telangana ,Hyderabad,1998,Rabi       ,rice,100.0,200.0,903.87,158.0,25.57568306010929,37.43,16.68,7.2,3.8,245,15,180,2.0
telangana ,Hyderabad,1999,Kharif     ,rice,25.0,60.0,434.69,155.0,25.352622950819672,31.83,19.45,7.2,3.8,245,15,180,2.4
telangana ,Hyderabad,1999,Rabi       ,rice,12.0,29.0,434.69,155.0,25.352622950819672,31.83,19.45,7.2,3.8,245,15,180,2.4166666666666665
telangana ,Hyderabad,2000,Kharif     ,rice,16.0,46.0,824.75,143.0,24.88551912568306,28.64,20.96,7.2,3.8,245,15,180,2.875
telangana ,Karimnagar,1997,Kharif     ,rice,103000.0,287900.0,706.35,164.0,27.32092896174863,37.01,23.76,6.8,4.5,280,12,150,2.795145631067961
telangana ,Karimnagar,1997,Rabi       ,rice,67600.0,185800.0,706.35,164.0,27.32092896174863,37.01,23.76,6.8,4.5,280,12,150,2.7485207100591715
telangana ,Karimnagar,1998,Kharif     ,rice,135000.0,413100.0,942.3,165.0,27.0144262295082,39.74,18.19,6.8,4.5,280,12,150,3.06
telangana ,Karimnagar,1998,Rabi       ,rice,123300.0,423400.0,942.3,165.0,27.0144262295082,39.74,18.19,6.8,4.5,280,12,150,3.4339010543390107
telangana ,Karimnagar,1999,Kharif     ,rice,140930.0,435474.0,588.69,144.0,26.395628415300543,34.2,19.73,6.8,4.5,280,12,150,3.090002128716384
telangana ,Karimnagar,1999,Rabi       ,rice,91605.0,288647.0,588.69,144.0,26.395628415300543,34.2,19.73,6.8,4.5,280,12,150,3.150996124665684
telangana ,Karimnagar,2000,Kharif     ,rice,162729.0,508854.0,655.04,143.0,26.81989071038252,31.37,22.85,6.8,4.5,280,12,150,3.127002562542632
telangana ,Karimnagar,2000,Rabi       ,rice,108608.0,376544.0,655.04,143.0,26.81989071038252,31.37,22.85,6.8,4.5,280,12,150,3.4670005892751914
telangana ,Karimnagar,2001,Kharif     ,rice,141154.0,429108.0,572.52,153.0,26.84989071038252,36.56,21.96,6.8,4.5,280,12,150,3.039998866486249
telangana ,Karimnagar,2001,Rabi       ,rice,103207.0,332223.0,572.52,153.0,26.84989071038252,36.56,21.96,6.8,4.5,280,12,150,3.2189967734746676
telangana ,Karimnagar,2002,Kharif     ,rice,133365.0,345015.0,718.3,138.0,27.061748633879784,34.75,22.47,6.8,4.5,280,12,150,2.586998087954111
telangana ,Karimnagar,2002,Rabi       ,rice,48545.0,152965.0,718.3,138.0,27.061748633879784,34.75,22.47,6.8,4.5,280,12,150,3.1509939231640747
telangana ,Karimnagar,2003,Kharif     ,rice,122858.0,395726.0,892.54,142.0,26.503278688524592,39.74,20.64,6.8,4.5,280,12,150,3.221003109280633
telangana ,Karimnagar,2003,Rabi       ,rice,64718.0,206321.0,892.54,142.0,26.503278688524592,39.74,20.64,6.8,4.5,280,12,150,3.1880002472264284
telangana ,Karimnagar,2004,Kharif     ,rice,65453.0,147989.0,534.1,146.0,27.018415300546447,35.18,21.48,6.8,4.5,280,12,150,2.260996440193727
telangana ,Karimnagar,2004,Rabi       ,rice,18182.0,50382.0,534.1,146.0,27.018415300546447,35.18,21.48,6.8,4.5,280,12,150,2.7709822901770984
telangana ,Karimnagar,2005,Kharif     ,rice,146979.0,501639.0,1087.2,155.0,26.10174863387978,37.68,17.69,6.8,4.5,280,12,150,3.4129977751923746
telangana ,Karimnagar,2005,Rabi       ,rice,119417.0,410675.0,1087.2,155.0,26.10174863387978,37.68,17.69,6.8,4.5,280,12,150,3.438999472436923
telangana ,Karimnagar,2006,Kharif     ,rice,166750.0,521094.0,986.5,149.0,26.5868306010929,33.81,21.34,6.8,4.5,280,12,150,3.125001499250375
telangana ,Karimnagar,2006,Rabi       ,rice,166759.0,548470.0,986.5,149.0,26.5868306010929,33.81,21.34,6.8,4.5,280,12,150,3.288997895166078
telangana ,Karimnagar,2007,Kharif     ,rice,130000.0,441000.0,749.68,144.0,26.09409836065574,35.18,18.81,6.8,4.5,280,12,150,3.3923076923076922
telangana ,Karimnagar,2007,Rabi       ,rice,152000.0,545000.0,749.68,144.0,26.09409836065574,35.18,18.81,6.8,4.5,280,12,150,3.585526315789474
telangana ,Karimnagar,2008,Kharif     ,rice,160406.0,543135.0,892.36,143.0,26.31551912568306,35.37,20.3,6.8,4.5,280,12,150,3.3860017705073377
telangana ,Karimnagar,2008,Rabi       ,rice,175551.0,632861.0,892.36,143.0,26.31551912568306,35.37,20.3,6.8,4.5,280,12,150,3.6049979777956263
telangana ,Karimnagar,2009,Kharif     ,rice,84886.0,274182.0,739.69,137.0,27.23879781420765,36.01,18.97,6.8,4.5,280,12,150,3.2300025917112363
telangana ,Karimnagar,2009,Rabi       ,rice,77439.0,239209.0,739.69,137.0,27.23879781420765,36.01,18.97,6.8,4.5,280,12,150,3.0889990831493175
telangana ,Karimnagar,2010,Kharif     ,rice,159548.0,523465.0,1240.03,166.0,26.846284153005463,38.38,21.46,6.8,4.5,280,12,150,3.2809248627372325
telangana ,Karimnagar,2010,Rabi       ,rice,221971.0,828396.0,1240.03,166.0,26.846284153005463,38.38,21.46,6.8,4.5,280,12,150,3.7320010271612056
telangana ,Karimnagar,2011,Kharif     ,rice,185727.0,601858.0,581.22,139.0,27.17377049180328,35.02,23.12,6.8,4.5,280,12,150,3.240551992978942
telangana ,Karimnagar,2011,Rabi       ,rice,157649.0,518192.0,581.22,139.0,27.17377049180328,35.02,23.12,6.8,4.5,280,12,150,3.2869983317369598
telangana ,Karimnagar,2013,Kharif     ,rice,209454.0,732042.0,1139.52,154.0,25.58098360655737,31.66,18.52,6.8,4.5,280,12,150,3.495001289065857
telangana ,Karimnagar,2013,Rabi       ,rice,208458.0,768793.0,1139.52,154.0,25.58098360655737,31.66,18.52,6.8,4.5,280,12,150,3.6879995010985427
telangana ,Karimnagar,2014,Kharif     ,rice,179282.0,632136.0,494.61,127.0,27.90879781420765,38.13,20.65,6.8,4.5,280,12,150,3.525931214511217
telangana ,Karimnagar,2014,Rabi       ,rice,99151.0,358827.0,494.61,127.0,27.90879781420765,38.13,20.65,6.8,4.5,280,12,150,3.6189952698409495
telangana ,Khammam,1997,Kharif     ,rice,121100.0,251900.0,813.74,167.0,27.85131147540984,37.64,24.55,7.5,3.2,210,10,120,2.0800990916597852
telangana ,Khammam,1997,Rabi       ,rice,8600.0,16900.0,813.74,167.0,27.85131147540984,37.64,24.55,7.5,3.2,210,10,120,1.9651162790697674
telangana ,Khammam,1998,Kharif     ,rice,160700.0,439400.0,936.56,165.0,27.55207650273224,39.17,18.51,7.5,3.2,210,10,120,2.734287492221531
telangana ,Khammam,1998,Rabi       ,rice,24900.0,68900.0,936.56,165.0,27.55207650273224,39.17,18.51,7.5,3.2,210,10,120,2.7670682730923697
telangana ,Khammam,1999,Kharif     ,rice,166514.0,373491.0,500.88,159.0,27.61174863387978,33.74,21.88,7.5,3.2,210,10,120,2.243000588539102
telangana ,Khammam,1999,Rabi       ,rice,11001.0,26523.0,500.88,159.0,27.61174863387978,33.74,21.88,7.5,3.2,210,10,120,2.410962639760022
telangana ,Khammam,2000,Kharif     ,rice,172538.0,470856.0,830.11,147.0,26.70153005464481,30.78,22.64,7.5,3.2,210,10,120,2.728998829243413
telangana ,Khammam,2000,Rabi       ,rice,10773.0,33439.0,830.11,147.0,26.70153005464481,30.78,22.64,7.5,3.2,210,10,120,3.1039636127355426
telangana ,Khammam,2001,Kharif     ,rice,98756.0,254988.0,670.45,163.0,27.41103825136612,35.58,22.26,7.5,3.2,210,10,120,2.5820000810077364
telangana ,Khammam,2001,Rabi       ,rice,39506.0,137639.0,670.45,163.0,27.41103825136612,35.58,22.26,7.5,3.2,210,10,120,3.4840024300106314
telangana ,Khammam,2002,Kharif     ,rice,98920.0,169054.0,623.5,145.0,27.90065573770492,34.37,22.52,7.5,3.2,210,10,120,1.7089971694298423
telangana ,Khammam,2002,Rabi       ,rice,4974.0,12037.0,623.5,145.0,27.90065573770492,34.37,22.52,7.5,3.2,210,10,120,2.4199839163650987
telangana ,Khammam,2003,Kharif     ,rice,130159.0,377591.0,712.52,154.0,27.4324043715847,39.3,21.51,7.5,3.2,210,10,120,2.9009980101260764
telangana ,Khammam,2003,Rabi       ,rice,11949.0,34891.0,712.52,154.0,27.4324043715847,39.3,21.51,7.5,3.2,210,10,120,2.9199933048790694
telangana ,Khammam,2004,Kharif     ,rice,136374.0,387848.0,581.75,153.0,27.41289617486339,34.05,21.53,7.5,3.2,210,10,120,2.8440025224749585
telangana ,Khammam,2004,Rabi       ,rice,26222.0,86244.0,581.75,153.0,27.41289617486339,34.05,21.53,7.5,3.2,210,10,120,3.2889939745252077
telangana ,Khammam,2005,Kharif     ,rice,159480.0,410342.0,1036.47,164.0,26.76071038251366,35.9,19.73,7.5,3.2,210,10,120,2.572999749184851
telangana ,Khammam,2005,Rabi       ,rice,40611.0,120615.0,1036.47,164.0,26.76071038251366,35.9,19.73,7.5,3.2,210,10,120,2.9700081258772255
telangana ,Khammam,2006,Kharif     ,rice,155691.0,383000.0,982.42,159.0,27.210437158469947,33.82,21.73,7.5,3.2,210,10,120,2.460000899217039
telangana ,Khammam,2006,Rabi       ,rice,22510.0,65121.0,982.42,159.0,27.210437158469947,33.82,21.73,7.5,3.2,210,10,120,2.892980897378943
telangana ,Khammam,2007,Kharif     ,rice,146000.0,450000.0,893.2,147.0,26.407431693989075,35.59,18.8,7.5,3.2,210,10,120,3.0821917808219177
telangana ,Khammam,2007,Rabi       ,rice,30000.0,98000.0,893.2,147.0,26.407431693989075,35.59,18.8,7.5,3.2,210,10,120,3.2666666666666666
telangana ,Khammam,2008,Kharif     ,rice,158279.0,477686.0,878.33,143.0,27.02224043715847,34.07,19.78,7.5,3.2,210,10,120,3.017999861004934
telangana ,Khammam,2008,Rabi       ,rice,36520.0,117923.0,878.33,143.0,27.02224043715847,34.07,19.78,7.5,3.2,210,10,120,3.228997809419496
telangana ,Khammam,2009,Kharif     ,rice,48475.0,109408.0,668.67,146.0,27.90224043715847,35.93,21.29,7.5,3.2,210,10,120,2.256998452810727
telangana ,Khammam,2009,Rabi       ,rice,54625.0,197087.0,668.67,146.0,27.90224043715847,35.93,21.29,7.5,3.2,210,10,120,3.608
telangana ,Khammam,2010,Kharif     ,rice,167037.0,522924.0,948.62,166.0,27.26502732240437,35.39,22.16,7.5,3.2,210,10,120,3.1305878338332227
telangana ,Khammam,2010,Rabi       ,rice,51215.0,181147.0,948.62,166.0,27.26502732240437,35.39,22.16,7.5,3.2,210,10,120,3.5369911158840184
telangana ,Khammam,2011,Kharif     ,rice,150051.0,366113.0,494.57,145.0,28.26054644808743,33.43,23.88,7.5,3.2,210,10,120,2.4399237592551866
telangana ,Khammam,2011,Rabi       ,rice,15263.0,45575.0,494.57,145.0,28.26054644808743,33.43,23.88,7.5,3.2,210,10,120,2.98597916530171
telangana ,Khammam,2013,Kharif     ,rice,148142.0,432575.0,1077.83,161.0,26.673333333333336,32.03,19.84,7.5,3.2,210,10,120,2.9200024301008494
telangana ,Khammam,2013,Rabi       ,rice,43642.0,142709.0,1077.83,161.0,26.673333333333336,32.03,19.84,7.5,3.2,210,10,120,3.2699922093396268
telangana ,Khammam,2014,Kharif     ,rice,110439.0,328435.0,542.71,136.0,28.50606557377049,36.99,21.75,7.5,3.2,210,10,120,2.9739041461802445
telangana ,Khammam,2014,Rabi       ,rice,35269.0,127744.0,542.71,136.0,28.50606557377049,36.99,21.75,7.5,3.2,210,10,120,3.621990983583317
telangana ,Mahbubnagar,1997,Kharif     ,rice,53200.0,100700.0,577.5,167.0,26.262240437158468,33.78,23.65,7.5,3.2,210,10,120,1.8928571428571428
telangana ,Mahbubnagar,1997,Rabi       ,rice,39800.0,78200.0,577.5,167.0,26.262240437158468,33.78,23.65,7.5,3.2,210,10,120,1.964824120603015
telangana ,Mahbubnagar,1998,Kharif     ,rice,72100.0,141200.0,873.67,154.0,25.652786885245902,37.5,17.44,7.5,3.2,210,10,120,1.9583911234396671
telangana ,Mahbubnagar,1998,Rabi       ,rice,74700.0,150500.0,873.67,154.0,25.652786885245902,37.5,17.44,7.5,3.2,210,10,120,2.0147255689424366
telangana ,Mahbubnagar,1999,Kharif     ,rice,92732.0,154677.0,404.26,148.0,25.992841530054644,32.19,22.13,7.5,3.2,210,10,120,1.668000258810335
telangana ,Mahbubnagar,1999,Rabi       ,rice,40342.0,71083.0,404.26,148.0,25.992841530054644,32.19,22.13,7.5,3.2,210,10,120,1.7620098160725794
telangana ,Mahbubnagar,2000,Kharif     ,rice,116763.0,290973.0,776.87,149.0,24.96972677595629,27.88,21.35,7.5,3.2,210,10,120,2.4919966085146834
telangana ,Mahbubnagar,2000,Rabi       ,rice,49701.0,140455.0,776.87,149.0,24.96972677595629,27.88,21.35,7.5,3.2,210,10,120,2.8259994768716927
telangana ,Mahbubnagar,2001,Kharif     ,rice,76057.0,184210.0,648.89,155.0,25.6451912568306,33.2,21.15,7.5,3.2,210,10,120,2.4219992900061795
telangana ,Mahbubnagar,2001,Rabi       ,rice,61122.0,143576.0,648.89,155.0,25.6451912568306,33.2,21.15,7.5,3.2,210,10,120,2.349006904224338
telangana ,Mahbubnagar,2002,Kharif     ,rice,76711.0,155340.0,557.4,144.0,26.131092896174863,29.96,21.85,7.5,3.2,210,10,120,2.0250029330865194
telangana ,Mahbubnagar,2002,Rabi       ,rice,33636.0,67339.0,557.4,144.0,26.131092896174863,29.96,21.85,7.5,3.2,210,10,120,2.001991913426091
telangana ,Mahbubnagar,2003,Kharif     ,rice,66350.0,161231.0,612.59,148.0,25.926065573770494,36.29,21.16,7.5,3.2,210,10,120,2.4300075357950264
telangana ,Mahbubnagar,2003,Rabi       ,rice,33146.0,69375.0,612.59,148.0,25.926065573770494,36.29,21.16,7.5,3.2,210,10,120,2.0930127315513185
telangana ,Mahbubnagar,2004,Kharif     ,rice,58491.0,132716.0,446.64,147.0,25.81737704918033,30.11,21.15,7.5,3.2,210,10,120,2.2689986493648595
telangana ,Mahbubnagar,2004,Rabi       ,rice,25314.0,57083.0,446.64,147.0,25.81737704918033,30.11,21.15,7.5,3.2,210,10,120,2.254997234731769
telangana ,Mahbubnagar,2005,Kharif     ,rice,73651.0,181402.0,943.08,166.0,24.72617486338798,32.3,18.27,7.5,3.2,210,10,120,2.4629943924726074
telangana ,Mahbubnagar,2005,Rabi       ,rice,54500.0,139139.0,943.08,166.0,24.72617486338798,32.3,18.27,7.5,3.2,210,10,120,2.5530091743119265
telangana ,Mahbubnagar,2006,Kharif     ,rice,74466.0,181697.0,673.16,161.0,25.351092896174865,29.19,21.37,7.5,3.2,210,10,120,2.4399994628421022
telangana ,Mahbubnagar,2006,Rabi       ,rice,35176.0,86287.0,673.16,161.0,25.351092896174865,29.19,21.37,7.5,3.2,210,10,120,2.453007732544917
telangana ,Mahbubnagar,2007,Kharif     ,rice,102000.0,297000.0,973.59,146.0,24.53644808743169,31.48,17.82,7.5,3.2,210,10,120,2.911764705882353
telangana ,Mahbubnagar,2007,Rabi       ,rice,46000.0,128000.0,973.59,146.0,24.53644808743169,31.48,17.82,7.5,3.2,210,10,120,2.782608695652174
telangana ,Mahbubnagar,2008,Kharif     ,rice,96411.0,285569.0,664.82,145.0,25.49191256830601,31.06,19.8,7.5,3.2,210,10,120,2.961996037796517
telangana ,Mahbubnagar,2008,Rabi       ,rice,48322.0,135640.0,664.82,145.0,25.49191256830601,31.06,19.8,7.5,3.2,210,10,120,2.807003021398121
telangana ,Mahbubnagar,2009,Kharif     ,rice,95390.0,216726.0,630.17,139.0,25.798524590163936,30.57,20.04,7.5,3.2,210,10,120,2.2719991613376664
telangana ,Mahbubnagar,2009,Rabi       ,rice,68468.0,184384.0,630.17,139.0,25.798524590163936,30.57,20.04,7.5,3.2,210,10,120,2.692995267862359
telangana ,Mahbubnagar,2010,Kharif     ,rice,130411.0,360230.0,829.59,165.0,25.593825136612026,33.68,20.79,7.5,3.2,210,10,120,2.7622669866805714
telangana ,Mahbubnagar,2010,Rabi       ,rice,66287.0,185537.0,829.59,165.0,25.593825136612026,33.68,20.79,7.5,3.2,210,10,120,2.79899527810883
telangana ,Mahbubnagar,2011,Kharif     ,rice,120826.0,266609.0,410.52,141.0,26.3927868852459,31.26,23.08,7.5,3.2,210,10,120,2.2065532252991904
telangana ,Mahbubnagar,2011,Rabi       ,rice,51242.0,129950.0,410.52,141.0,26.3927868852459,31.26,23.08,7.5,3.2,210,10,120,2.536005620389524
telangana ,Mahbubnagar,2013,Kharif     ,rice,103744.0,301561.0,740.58,154.0,24.97989071038252,28.77,18.93,7.5,3.2,210,10,120,2.906780151141271
telangana ,Mahbubnagar,2013,Rabi       ,rice,64886.0,177139.0,740.58,154.0,24.97989071038252,28.77,18.93,7.5,3.2,210,10,120,2.7300033905619085
telangana ,Mahbubnagar,2014,Kharif     ,rice,111302.0,282357.0,614.05,128.0,26.10415300546448,33.91,20.69,7.5,3.2,210,10,120,2.536854683653483
telangana ,Mahbubnagar,2014,Rabi       ,rice,49468.0,135740.0,614.05,128.0,26.10415300546448,33.91,20.69,7.5,3.2,210,10,120,2.743996118703
telangana ,Medak,1997,Kharif     ,rice,47700.0,83500.0,631.69,161.0,25.91896174863388,34.01,22.45,7.2,3.8,245,15,180,1.750524109014675
telangana ,Medak,1997,Rabi       ,rice,25700.0,51600.0,631.69,161.0,25.91896174863388,34.01,22.45,7.2,3.8,245,15,180,2.007782101167315
telangana ,Medak,1998,Kharif     ,rice,70700.0,172100.0,973.42,156.0,25.49311475409836,37.28,16.82,7.2,3.8,245,15,180,2.4342291371994342
telangana ,Medak,1998,Rabi       ,rice,52100.0,131400.0,973.42,156.0,25.49311475409836,37.28,16.82,7.2,3.8,245,15,180,2.5220729366602685
telangana ,Medak,1999,Kharif     ,rice,78489.0,159097.0,489.21,143.0,25.18262295081968,32.05,18.96,7.2,3.8,245,15,180,2.0269974136503204
telangana ,Medak,1999,Rabi       ,rice,34338.0,63285.0,489.21,143.0,25.18262295081968,32.05,18.96,7.2,3.8,245,15,180,1.843001922068845
telangana ,Medak,2000,Kharif     ,rice,85328.0,214003.0,825.08,133.0,25.03562841530055,28.97,21.48,7.2,3.8,245,15,180,2.5080044065254077
telangana ,Medak,2000,Rabi       ,rice,37841.0,122226.0,825.08,133.0,25.03562841530055,28.97,21.48,7.2,3.8,245,15,180,3.229988636663936
telangana ,Medak,2001,Kharif     ,rice,76008.0,190704.0,729.08,146.0,24.94918032786885,33.76,20.05,7.2,3.8,245,15,180,2.5089990527312915
telangana ,Medak,2001,Rabi       ,rice,32440.0,85642.0,729.08,146.0,24.94918032786885,33.76,20.05,7.2,3.8,245,15,180,2.640012330456227
telangana ,Medak,2002,Kharif     ,rice,59589.0,125852.0,650.21,133.0,25.70131147540984,31.53,20.83,7.2,3.8,245,15,180,2.1120005370118644
telangana ,Medak,2002,Rabi       ,rice,17738.0,31183.0,650.21,133.0,25.70131147540984,31.53,20.83,7.2,3.8,245,15,180,1.7579772240387868
telangana ,Medak,2003,Kharif     ,rice,63923.0,164218.0,774.6,134.0,25.23967213114754,36.7,19.65,7.2,3.8,245,15,180,2.5689970746053845
telangana ,Medak,2003,Rabi       ,rice,22380.0,51787.0,774.6,134.0,25.23967213114754,36.7,19.65,7.2,3.8,245,15,180,2.3139857015192136
telangana ,Medak,2004,Kharif     ,rice,49327.0,95546.0,559.03,140.0,25.3924043715847,32.31,20.44,7.2,3.8,245,15,180,1.9369919111237253
telangana ,Medak,2004,Rabi       ,rice,13134.0,28934.0,559.03,140.0,25.3924043715847,32.31,20.44,7.2,3.8,245,15,180,2.202984620070047
telangana ,Medak,2005,Kharif     ,rice,59452.0,171519.0,1100.09,151.0,24.558688524590163,35.28,16.44,7.2,3.8,245,15,180,2.88499966359416
telangana ,Medak,2005,Rabi       ,rice,25821.0,75810.0,1100.09,151.0,24.558688524590163,35.28,16.44,7.2,3.8,245,15,180,2.93598233995585
telangana ,Medak,2006,Kharif     ,rice,63532.0,166136.0,873.88,153.0,24.891202185792352,30.17,19.85,7.2,3.8,245,15,180,2.614997166782094
telangana ,Medak,2006,Rabi       ,rice,38446.0,109110.0,873.88,153.0,24.891202185792352,30.17,19.85,7.2,3.8,245,15,180,2.8380065546480777
telangana ,Medak,2007,Kharif     ,rice,58000.0,164000.0,790.91,139.0,24.577650273224044,34.26,17.2,7.2,3.8,245,15,180,2.8275862068965516
telangana ,Medak,2007,Rabi       ,rice,35000.0,118000.0,790.91,139.0,24.577650273224044,34.26,17.2,7.2,3.8,245,15,180,3.3714285714285714
telangana ,Medak,2008,Kharif     ,rice,78658.0,206477.0,935.05,134.0,24.95437158469945,33.46,18.19,7.2,3.8,245,15,180,2.624996821683745
telangana ,Medak,2008,Rabi       ,rice,45254.0,150967.0,935.05,134.0,24.95437158469945,33.46,18.19,7.2,3.8,245,15,180,3.3359923984620146
telangana ,Medak,2009,Kharif     ,rice,49470.0,133272.0,742.53,128.0,25.72049180327869,34.34,18.42,7.2,3.8,245,15,180,2.6939963614311706
telangana ,Medak,2009,Rabi       ,rice,33645.0,99421.0,742.53,128.0,25.72049180327869,34.34,18.42,7.2,3.8,245,15,180,2.9550007430524596
telangana ,Medak,2010,Kharif     ,rice,81914.0,285893.0,1067.55,161.0,25.177704918032788,35.68,20.23,7.2,3.8,245,15,180,3.490160412139561
telangana ,Medak,2010,Rabi       ,rice,62644.0,229026.0,1067.55,161.0,25.177704918032788,35.68,20.23,7.2,3.8,245,15,180,3.655992593065577
telangana ,Medak,2011,Kharif     ,rice,90400.0,285575.0,664.63,142.0,25.303005464480872,31.31,20.99,7.2,3.8,245,15,180,3.159015486725664
telangana ,Medak,2011,Rabi       ,rice,46632.0,121383.0,664.63,142.0,25.303005464480872,31.31,20.99,7.2,3.8,245,15,180,2.6029979413278435
telangana ,Medak,2013,Kharif     ,rice,108639.0,393985.0,992.75,154.0,24.21879781420765,28.85,17.63,7.2,3.8,245,15,180,3.626552158985263
telangana ,Medak,2013,Rabi       ,rice,62331.0,230500.0,992.75,154.0,24.21879781420765,28.85,17.63,7.2,3.8,245,15,180,3.6979993903515105
telangana ,Medak,2014,Kharif     ,rice,73983.0,234342.0,540.62,130.0,26.229234972677595,35.89,19.53,7.2,3.8,245,15,180,3.1675114553343335
telangana ,Medak,2014,Rabi       ,rice,36910.0,128742.0,540.62,130.0,26.229234972677595,35.89,19.53,7.2,3.8,245,15,180,3.4879978325657004
telangana ,Nalgonda,1997,Kharif     ,rice,149100.0,369500.0,625.06,165.0,27.78207650273224,36.74,24.29,7.5,3.2,210,10,120,2.478202548625084
telangana ,Nalgonda,1997,Rabi       ,rice,62600.0,150300.0,625.06,165.0,27.78207650273224,36.74,24.29,7.5,3.2,210,10,120,2.400958466453674
telangana ,Nalgonda,1998,Kharif     ,rice,164300.0,491600.0,835.45,159.0,27.246229508196723,39.11,18.27,7.5,3.2,210,10,120,2.9920876445526474
telangana ,Nalgonda,1998,Rabi       ,rice,153700.0,431500.0,835.45,159.0,27.246229508196723,39.11,18.27,7.5,3.2,210,10,120,2.8074170461938843
telangana ,Nalgonda,1999,Kharif     ,rice,175702.0,420279.0,420.93,157.0,27.38857923497268,33.8,21.43,7.5,3.2,210,10,120,2.391998952772308
telangana ,Nalgonda,1999,Rabi       ,rice,63295.0,155769.0,420.93,157.0,27.38857923497268,33.8,21.43,7.5,3.2,210,10,120,2.4610000789951814
telangana ,Nalgonda,2000,Kharif     ,rice,176488.0,560173.0,773.98,146.0,26.536284153005465,30.43,22.69,7.5,3.2,210,10,120,3.17400049861747
telangana ,Nalgonda,2000,Rabi       ,rice,85813.0,236243.0,773.98,146.0,26.536284153005465,30.43,22.69,7.5,3.2,210,10,120,2.7529977975365036
telangana ,Nalgonda,2001,Kharif     ,rice,142660.0,395739.0,643.24,162.0,27.10103825136612,36.03,22.33,7.5,3.2,210,10,120,2.774001121547736
telangana ,Nalgonda,2001,Rabi       ,rice,76927.0,199010.0,643.24,162.0,27.10103825136612,36.03,22.33,7.5,3.2,210,10,120,2.586998063098782
telangana ,Nalgonda,2002,Kharif     ,rice,94008.0,210954.0,564.27,141.0,27.700000000000003,33.55,22.47,7.5,3.2,210,10,120,2.244000510594843
telangana ,Nalgonda,2002,Rabi       ,rice,37660.0,86656.0,564.27,141.0,27.700000000000003,33.55,22.47,7.5,3.2,210,10,120,2.3010090281465745
telangana ,Nalgonda,2003,Kharif     ,rice,62982.0,188631.0,652.04,150.0,27.22819672131148,38.58,21.67,7.5,3.2,210,10,120,2.9949985710202913
telangana ,Nalgonda,2003,Rabi       ,rice,60026.0,169513.0,652.04,150.0,27.22819672131148,38.58,21.67,7.5,3.2,210,10,120,2.8239929363942293
telangana ,Nalgonda,2004,Kharif     ,rice,117401.0,330836.0,492.14,150.0,27.263551912568303,33.67,21.45,7.5,3.2,210,10,120,2.8179998466793297
telangana ,Nalgonda,2004,Rabi       ,rice,75291.0,224292.0,492.14,150.0,27.263551912568303,33.67,21.45,7.5,3.2,210,10,120,2.9790014742797943
telangana ,Nalgonda,2005,Kharif     ,rice,160332.0,456145.0,956.01,165.0,26.347158469945352,34.95,19.39,7.5,3.2,210,10,120,2.845002869046728
telangana ,Nalgonda,2005,Rabi       ,rice,150365.0,482521.0,956.01,165.0,26.347158469945352,34.95,19.39,7.5,3.2,210,10,120,3.2089981046121103
telangana ,Nalgonda,2006,Kharif     ,rice,160003.0,414568.0,789.75,156.0,26.85393442622951,32.74,21.73,7.5,3.2,210,10,120,2.591001418723399
telangana ,Nalgonda,2006,Rabi       ,rice,124273.0,391336.0,789.75,156.0,26.85393442622951,32.74,21.73,7.5,3.2,210,10,120,3.149002599116461
telangana ,Nalgonda,2007,Kharif     ,rice,163000.0,516000.0,796.42,146.0,26.159726775956283,34.64,18.98,7.5,3.2,210,10,120,3.165644171779141
telangana ,Nalgonda,2007,Rabi       ,rice,148000.0,474000.0,796.42,146.0,26.159726775956283,34.64,18.98,7.5,3.2,210,10,120,3.2027027027027026
telangana ,Nalgonda,2008,Kharif     ,rice,193718.0,602657.0,782.45,143.0,26.846284153005463,33.56,19.68,7.5,3.2,210,10,120,3.1110015589671582
telangana ,Nalgonda,2008,Rabi       ,rice,168094.0,547650.0,782.45,143.0,26.846284153005463,33.56,19.68,7.5,3.2,210,10,120,3.2579985008388164
telangana ,Nalgonda,2009,Kharif     ,rice,98690.0,319262.0,634.44,144.0,27.593551912568305,35.63,20.88,7.5,3.2,210,10,120,3.234998480089168
telangana ,Nalgonda,2009,Rabi       ,rice,174740.0,599708.0,634.44,144.0,27.593551912568305,35.63,20.88,7.5,3.2,210,10,120,3.4320018312922054
telangana ,Nalgonda,2010,Kharif     ,rice,206149.0,642566.0,828.92,163.0,27.028032786885248,35.89,22.18,7.5,3.2,210,10,120,3.11699789957749
telangana ,Nalgonda,2010,Rabi       ,rice,199166.0,681148.0,828.92,163.0,27.028032786885248,35.89,22.18,7.5,3.2,210,10,120,3.4200014058624464
telangana ,Nalgonda,2011,Kharif     ,rice,216547.0,634050.0,438.08,147.0,28.00049180327869,33.74,23.57,7.5,3.2,210,10,120,2.928001773287092
telangana ,Nalgonda,2011,Rabi       ,rice,111214.0,329750.0,438.08,147.0,28.00049180327869,33.74,23.57,7.5,3.2,210,10,120,2.965004405920118
telangana ,Nalgonda,2013,Kharif     ,rice,192185.0,546190.0,942.83,156.0,26.28562841530055,30.69,19.39,7.5,3.2,210,10,120,2.842001196763535
telangana ,Nalgonda,2013,Rabi       ,rice,201558.0,659095.0,942.83,156.0,26.28562841530055,30.69,19.39,7.5,3.2,210,10,120,3.2700016868593655
telangana ,Nalgonda,2014,Kharif     ,rice,177458.0,549765.0,515.95,135.0,28.12196721311476,36.14,21.1,7.5,3.2,210,10,120,3.098000653675799
telangana ,Nalgonda,2014,Rabi       ,rice,145917.0,491594.0,515.95,135.0,28.12196721311476,36.14,21.1,7.5,3.2,210,10,120,3.3689974437522703
telangana ,Nizamabad,1997,Kharif     ,rice,81600.0,135100.0,687.68,158.0,26.290491803278687,34.78,23.07,6.8,4.5,280,12,150,1.6556372549019607
telangana ,Nizamabad,1997,Rabi       ,rice,20600.0,49100.0,687.68,158.0,26.290491803278687,34.78,23.07,6.8,4.5,280,12,150,2.383495145631068
telangana ,Nizamabad,1998,Kharif     ,rice,108400.0,308000.0,1001.18,156.0,25.925573770491805,38.12,17.51,6.8,4.5,280,12,150,2.841328413284133
telangana ,Nizamabad,1998,Rabi       ,rice,50100.0,127800.0,1001.18,156.0,25.925573770491805,38.12,17.51,6.8,4.5,280,12,150,2.5508982035928143
telangana ,Nizamabad,1999,Kharif     ,rice,115922.0,295946.0,568.73,140.0,25.39169398907104,32.93,19.31,6.8,4.5,280,12,150,2.5529752764790117
telangana ,Nizamabad,1999,Rabi       ,rice,54336.0,136332.0,568.73,140.0,25.39169398907104,32.93,19.31,6.8,4.5,280,12,150,2.5090547703180213
telangana ,Nizamabad,2000,Kharif     ,rice,130502.0,333694.0,755.61,132.0,25.79327868852459,29.65,22.5,6.8,4.5,280,12,150,2.557002957809076
telangana ,Nizamabad,2000,Rabi       ,rice,50212.0,164344.0,755.61,132.0,25.79327868852459,29.65,22.5,6.8,4.5,280,12,150,3.2730024695291964
telangana ,Nizamabad,2001,Kharif     ,rice,122016.0,303088.0,691.54,140.0,25.45016393442623,34.56,20.76,6.8,4.5,280,12,150,2.484002098085497
telangana ,Nizamabad,2001,Rabi       ,rice,36156.0,97296.0,691.54,140.0,25.45016393442623,34.56,20.76,6.8,4.5,280,12,150,2.6910056422170596
telangana ,Nizamabad,2002,Kharif     ,rice,89863.0,140096.0,699.45,130.0,26.084535519125684,33.51,21.62,6.8,4.5,280,12,150,1.558995359602951
telangana ,Nizamabad,2002,Rabi       ,rice,17668.0,40566.0,699.45,130.0,26.084535519125684,33.51,21.62,6.8,4.5,280,12,150,2.2960153950645235
telangana ,Nizamabad,2003,Kharif     ,rice,73668.0,229181.0,831.36,136.0,25.60098360655737,37.51,19.98,6.8,4.5,280,12,150,3.1109979909865886
telangana ,Nizamabad,2003,Rabi       ,rice,17702.0,53177.0,831.36,136.0,25.60098360655737,37.51,19.98,6.8,4.5,280,12,150,3.004010846232064
telangana ,Nizamabad,2004,Kharif     ,rice,60268.0,135422.0,567.51,140.0,25.96781420765027,34.27,21.35,6.8,4.5,280,12,150,2.2469967478595607
telangana ,Nizamabad,2004,Rabi       ,rice,13127.0,33815.0,567.51,140.0,25.96781420765027,34.27,21.35,6.8,4.5,280,12,150,2.5759884208120667
telangana ,Nizamabad,2005,Kharif     ,rice,98831.0,344130.0,1115.42,147.0,25.103551912568307,36.64,16.94,6.8,4.5,280,12,150,3.4820046341734883
telangana ,Nizamabad,2005,Rabi       ,rice,50708.0,161860.0,1115.42,147.0,25.103551912568307,36.64,16.94,6.8,4.5,280,12,150,3.192001262128264
telangana ,Nizamabad,2006,Kharif     ,rice,114358.0,361714.0,952.96,149.0,25.382131147540985,32.17,20.39,6.8,4.5,280,12,150,3.1629969044579305
telangana ,Nizamabad,2006,Rabi       ,rice,53292.0,177143.0,952.96,149.0,25.382131147540985,32.17,20.39,6.8,4.5,280,12,150,3.324007355700668
telangana ,Nizamabad,2007,Kharif     ,rice,71000.0,254000.0,790.59,134.0,25.04808743169399,35.0,17.99,6.8,4.5,280,12,150,3.5774647887323945
telangana ,Nizamabad,2007,Rabi       ,rice,57000.0,199000.0,790.59,134.0,25.04808743169399,35.0,17.99,6.8,4.5,280,12,150,3.491228070175439
telangana ,Nizamabad,2008,Kharif     ,rice,111687.0,407769.0,935.49,133.0,25.35825136612022,34.55,18.95,6.8,4.5,280,12,150,3.6509978779983348
telangana ,Nizamabad,2008,Rabi       ,rice,78339.0,271836.0,935.49,133.0,25.35825136612022,34.55,18.95,6.8,4.5,280,12,150,3.4699957875387737
telangana ,Nizamabad,2009,Kharif     ,rice,75732.0,245978.0,762.71,127.0,26.208251366120216,35.13,18.4,6.8,4.5,280,12,150,3.2480061268684306
telangana ,Nizamabad,2009,Rabi       ,rice,45538.0,143080.0,762.71,127.0,26.208251366120216,35.13,18.4,6.8,4.5,280,12,150,3.1419913039659186
telangana ,Nizamabad,2010,Kharif     ,rice,116729.0,427496.0,1093.84,158.0,25.688032786885245,36.66,20.68,6.8,4.5,280,12,150,3.6622947168227262
telangana ,Nizamabad,2010,Rabi       ,rice,104894.0,416744.0,1093.84,158.0,25.688032786885245,36.66,20.68,6.8,4.5,280,12,150,3.9730013156138577
telangana ,Nizamabad,2011,Kharif     ,rice,149497.0,584000.0,718.8,135.0,25.747595628415304,32.14,21.65,6.8,4.5,280,12,150,3.9064329050081272
telangana ,Nizamabad,2011,Rabi       ,rice,110314.0,388195.0,718.8,135.0,25.747595628415304,32.14,21.65,6.8,4.5,280,12,150,3.5190003082111065
telangana ,Nizamabad,2013,Kharif     ,rice,152303.0,622200.0,1081.74,153.0,24.637704918032785,30.75,18.15,6.8,4.5,280,12,150,4.085277374706998
telangana ,Nizamabad,2013,Rabi       ,rice,108509.0,421992.0,1081.74,153.0,24.637704918032785,30.75,18.15,6.8,4.5,280,12,150,3.889004598696882
telangana ,Nizamabad,2014,Kharif     ,rice,112427.0,404400.0,543.72,127.0,26.79081967213115,36.73,19.67,6.8,4.5,280,12,150,3.5970007204675034
telangana ,Nizamabad,2014,Rabi       ,rice,56845.0,216125.0,543.72,127.0,26.79081967213115,36.73,19.67,6.8,4.5,280,12,150,3.802005453425983
telangana ,Rangareddi,1997,Kharif     ,rice,24000.0,48900.0,753.31,139.0,24.56,34.84,24.41,7.2,3.8,245,15,180,2.0375
telangana ,Rangareddi,1997,Rabi       ,rice,15700.0,42800.0,592.04,126.0,24.68,29.28,19.37,7.2,3.8,245,15,180,2.7261146496815285
telangana ,Rangareddi,1998,Kharif     ,rice,30200.0,55300.0,762.74,139.0,24.39,27.92,22.64,7.2,3.8,245,15,180,1.8311258278145695
telangana ,Rangareddi,1998,Rabi       ,rice,29800.0,77000.0,502.39,134.0,27.63,37.92,18.78,7.2,3.8,245,15,180,2.5838926174496644
telangana ,Rangareddi,1999,Kharif     ,rice,34109.0,79167.0,603.07,128.0,24.44,39.46,23.48,7.2,3.8,245,15,180,2.321000322495529
telangana ,Rangareddi,1999,Rabi       ,rice,19140.0,37055.0,853.78,160.0,28.42,38.03,21.96,7.2,3.8,245,15,180,1.935997910135841
telangana ,Rangareddi,2000,Kharif     ,rice,39103.0,100573.0,770.76,162.0,25.6,33.66,19.26,7.2,3.8,245,15,180,2.5720021481727744
telangana ,Rangareddi,2000,Rabi       ,rice,18996.0,47642.0,920.83,157.0,27.33,30.64,24.09,7.2,3.8,245,15,180,2.508001684565172
telangana ,Rangareddi,2001,Kharif     ,rice,25102.0,66520.0,431.61,147.0,28.15,29.16,22.92,7.2,3.8,245,15,180,2.6499880487610548
telangana ,Rangareddi,2001,Rabi       ,rice,21614.0,57580.0,952.34,138.0,27.62,36.59,17.04,7.2,3.8,245,15,180,2.6640140649578976
telangana ,Rangareddi,2002,Kharif     ,rice,20618.0,36844.0,635.82,133.0,27.67,30.69,20.33,7.2,3.8,245,15,180,1.78698224852071
telangana ,Rangareddi,2002,Rabi       ,rice,9642.0,22832.0,1125.52,134.0,25.41,30.52,24.55,7.2,3.8,245,15,180,2.3679734494918065
telangana ,Rangareddi,2003,Kharif     ,rice,21939.0,50942.0,1217.91,151.0,26.11,36.01,20.64,7.2,3.8,245,15,180,2.3219836820274398
telangana ,Rangareddi,2003,Rabi       ,rice,14360.0,34605.0,1175.72,160.0,24.7,31.65,23.45,7.2,3.8,245,15,180,2.409818941504178
telangana ,Rangareddi,2004,Kharif     ,rice,19504.0,50574.0,623.04,154.0,28.08,32.17,19.18,7.2,3.8,245,15,180,2.593006562756358
telangana ,Rangareddi,2004,Rabi       ,rice,10487.0,28042.0,1035.06,126.0,28.47,30.39,18.54,7.2,3.8,245,15,180,2.673977305235053
telangana ,Rangareddi,2005,Kharif     ,rice,23600.0,65726.0,811.95,134.0,28.31,31.05,23.79,7.2,3.8,245,15,180,2.785
telangana ,Rangareddi,2005,Rabi       ,rice,16656.0,46420.0,519.7,163.0,26.66,34.95,21.93,7.2,3.8,245,15,180,2.786983669548511
telangana ,Rangareddi,2006,Kharif     ,rice,20010.0,54747.0,1224.6,150.0,25.25,33.21,22.12,7.2,3.8,245,15,180,2.735982008995502
telangana ,Rangareddi,2006,Rabi       ,rice,11044.0,28063.0,685.34,167.0,24.96,35.01,24.45,7.2,3.8,245,15,180,2.541017747193046
telangana ,Rangareddi,2007,Kharif     ,rice,19000.0,46000.0,514.28,150.0,24.26,37.81,21.14,7.2,3.8,245,15,180,2.4210526315789473
telangana ,Rangareddi,2007,Rabi       ,rice,12000.0,31000.0,982.49,138.0,28.45,38.77,22.46,7.2,3.8,245,15,180,2.5833333333333335
telangana ,Rangareddi,2008,Kharif     ,rice,19183.0,56398.0,404.39,125.0,28.28,34.33,23.65,7.2,3.8,245,15,180,2.939998957410207
telangana ,Rangareddi,2008,Rabi       ,rice,12917.0,35625.0,1018.06,147.0,25.52,30.48,23.64,7.2,3.8,245,15,180,2.7579933421073006
telangana ,Rangareddi,2009,Kharif     ,rice,20022.0,52157.0,534.34,148.0,28.2,38.38,23.02,7.2,3.8,245,15,180,2.6049845170312658
telangana ,Rangareddi,2009,Rabi       ,rice,15340.0,40498.0,650.84,153.0,25.54,33.99,19.34,7.2,3.8,245,15,180,2.640026075619296
telangana ,Rangareddi,2010,Kharif     ,rice,30985.0,78837.0,1023.08,154.0,25.88,30.08,20.65,7.2,3.8,245,15,180,2.5443601742778763
telangana ,Rangareddi,2010,Rabi       ,rice,21375.0,57264.0,752.65,162.0,27.31,29.3,17.0,7.2,3.8,245,15,180,2.6790175438596493
telangana ,Rangareddi,2011,Kharif     ,rice,29334.0,67684.0,673.85,138.0,25.62,34.82,19.21,7.2,3.8,245,15,180,2.307356650985205
telangana ,Rangareddi,2011,Rabi       ,rice,14333.0,35417.0,427.05,161.0,25.84,37.54,20.48,7.2,3.8,245,15,180,2.4710109537431104
telangana ,Rangareddi,2013,Kharif     ,rice,27054.0,62711.0,418.75,147.0,27.54,36.32,24.0,7.2,3.8,245,15,180,2.31799364234494
telangana ,Rangareddi,2013,Rabi       ,rice,17986.0,40163.0,515.4,127.0,26.77,37.84,16.58,7.2,3.8,245,15,180,2.2330145668853554
telangana ,Rangareddi,2014,Kharif     ,rice,23817.0,60376.0,1070.08,125.0,27.51,36.03,17.71,7.2,3.8,245,15,180,2.5349960112524665
telangana ,Rangareddi,2014,Rabi       ,rice,11065.0,30838.0,927.77,127.0,28.49,36.76,22.09,7.2,3.8,245,15,180,2.7869859918662447
telangana ,Warangal,1997,Kharif     ,rice,43500.0,97300.0,664.42,165.0,27.04868852459016,36.11,23.4,7.2,3.8,245,15,180,2.2367816091954023
telangana ,Warangal,1997,Rabi       ,rice,35000.0,82600.0,664.42,165.0,27.04868852459016,36.11,23.4,7.2,3.8,245,15,180,2.36
telangana ,Warangal,1998,Kharif     ,rice,133300.0,376900.0,914.69,165.0,26.71098360655737,39.22,17.54,7.2,3.8,245,15,180,2.827456864216054
telangana ,Warangal,1998,Rabi       ,rice,74400.0,195900.0,914.69,165.0,26.71098360655737,39.22,17.54,7.2,3.8,245,15,180,2.6330645161290325
telangana ,Warangal,1999,Kharif     ,rice,132447.0,281450.0,510.94,155.0,26.304316939890708,33.59,19.73,7.2,3.8,245,15,180,2.125000943773736
telangana ,Warangal,1999,Rabi       ,rice,51695.0,108043.0,510.94,155.0,26.304316939890708,33.59,19.73,7.2,3.8,245,15,180,2.0900087049037626
telangana ,Warangal,2000,Kharif     ,rice,162922.0,464979.0,717.81,145.0,26.188032786885245,30.31,22.01,7.2,3.8,245,15,180,2.8539976184922846
telangana ,Warangal,2000,Rabi       ,rice,62179.0,185045.0,717.81,145.0,26.188032786885245,30.31,22.01,7.2,3.8,245,15,180,2.9760047604496696
telangana ,Warangal,2001,Kharif     ,rice,129975.0,369259.0,610.3,157.0,26.445027322404368,35.86,21.48,7.2,3.8,245,15,180,2.8410001923446817
telangana ,Warangal,2001,Rabi       ,rice,49550.0,145776.0,610.3,157.0,26.445027322404368,35.86,21.48,7.2,3.8,245,15,180,2.9419979818365287
telangana ,Warangal,2002,Kharif     ,rice,109862.0,228074.0,656.95,139.0,26.829398907103823,33.88,22.35,7.2,3.8,245,15,180,2.0760044419362473
telangana ,Warangal,2002,Rabi       ,rice,25332.0,64673.0,656.95,139.0,26.829398907103823,33.88,22.35,7.2,3.8,245,15,180,2.5530159482078005
telangana ,Warangal,2003,Kharif     ,rice,124333.0,381827.0,812.2,143.0,26.27,38.79,20.51,7.2,3.8,245,15,180,3.0710028713213706
telangana ,Warangal,2003,Rabi       ,rice,45902.0,128939.0,812.2,143.0,26.27,38.79,20.51,7.2,3.8,245,15,180,2.809006143523158
telangana ,Warangal,2004,Kharif     ,rice,108411.0,291842.0,528.91,146.0,26.64245901639344,33.62,20.86,7.2,3.8,245,15,180,2.691996199647637
telangana ,Warangal,2004,Rabi       ,rice,21913.0,63920.0,528.91,146.0,26.64245901639344,33.62,20.86,7.2,3.8,245,15,180,2.916989914662529
telangana ,Warangal,2005,Kharif     ,rice,139319.0,440805.0,1057.04,159.0,25.72726775956284,36.37,17.74,7.2,3.8,245,15,180,3.1639977318240873
telangana ,Warangal,2005,Rabi       ,rice,62556.0,205371.0,1057.04,159.0,25.72726775956284,36.37,17.74,7.2,3.8,245,15,180,3.282994436984462
telangana ,Warangal,2006,Kharif     ,rice,140255.0,408002.0,912.88,155.0,26.186830601092893,32.65,20.87,7.2,3.8,245,15,180,2.9090014616234714
telangana ,Warangal,2006,Rabi       ,rice,68680.0,181384.0,912.88,155.0,26.186830601092893,32.65,20.87,7.2,3.8,245,15,180,2.6410017472335467
telangana ,Warangal,2007,Kharif     ,rice,115000.0,354000.0,750.13,145.0,25.77311475409836,34.88,18.44,7.2,3.8,245,15,180,3.0782608695652174
telangana ,Warangal,2007,Rabi       ,rice,72000.0,205000.0,750.13,145.0,25.77311475409836,34.88,18.44,7.2,3.8,245,15,180,2.8472222222222223
telangana ,Warangal,2008,Kharif     ,rice,152852.0,459932.0,879.82,140.0,26.041639344262293,34.3,19.25,7.2,3.8,245,15,180,3.0090021720356948
telangana ,Warangal,2008,Rabi       ,rice,78006.0,230040.0,879.82,140.0,26.041639344262293,34.3,19.25,7.2,3.8,245,15,180,2.949003922775171
telangana ,Warangal,2009,Kharif     ,rice,84342.0,209253.0,697.42,142.0,26.975409836065573,35.78,19.37,7.2,3.8,245,15,180,2.4810059045315502
telangana ,Warangal,2009,Rabi       ,rice,40087.0,107072.0,697.42,142.0,26.975409836065573,35.78,19.37,7.2,3.8,245,15,180,2.6709905954548856
telangana ,Warangal,2010,Kharif     ,rice,169278.0,519314.0,1089.87,165.0,26.42852459016393,37.5,21.23,7.2,3.8,245,15,180,3.0678174364063846
telangana ,Warangal,2010,Rabi       ,rice,98782.0,341094.0,1089.87,165.0,26.42852459016393,37.5,21.23,7.2,3.8,245,15,180,3.452997509667753
telangana ,Warangal,2011,Kharif     ,rice,160729.0,404520.0,511.8,137.0,27.077868852459016,34.2,22.65,7.2,3.8,245,15,180,2.51678290787599
telangana ,Warangal,2011,Rabi       ,rice,63620.0,169420.0,511.8,137.0,27.077868852459016,34.2,22.65,7.2,3.8,245,15,180,2.662999056900346
telangana ,Warangal,2013,Kharif     ,rice,159311.0,501478.0,1025.7,153.0,25.38726775956284,30.6,18.2,7.2,3.8,245,15,180,3.147792682237887
telangana ,Warangal,2013,Rabi       ,rice,95542.0,299046.0,1025.7,153.0,25.38726775956284,30.6,18.2,7.2,3.8,245,15,180,3.129995185363505
telangana ,Warangal,2014,Kharif     ,rice,95515.0,282059.0,419.04,133.0,27.72054644808743,36.92,20.91,7.2,3.8,245,15,180,2.9530335549390148
telangana ,Warangal,2014,Rabi       ,rice,46492.0,155376.0,419.04,133.0,27.72054644808743,36.92,20.91,7.2,3.8,245,15,180,3.3419943216037167
